-- ============================================================================
-- VIBES Platform - Начальные данные (Seed)
--
-- Как использовать:
-- 1. Сначала выполни schema.sql
-- 2. Затем этот файл: psql -d your_database -f seed.sql
-- ============================================================================

-- ============================================================================
-- 1. АДМИНИСТРАТОР
-- ============================================================================

-- ВАЖНО: Смените пароль после первого входа!
-- Пароль по умолчанию: neodark (хешируется с помощью pgcrypto)
INSERT INTO users (id, email, password_hash, first_name, role, status, email_verified, onboarding_completed)
VALUES (
    'a0000000-0000-0000-0000-000000000001',
    'ungurenkos@icloud.com',
    crypt('neodark', gen_salt('bf')),
    'Admin',
    'admin',
    'active',
    true,
    true
);

-- ============================================================================
-- 2. МОДУЛИ КУРСА
-- ============================================================================

INSERT INTO course_modules (id, title, description, status, sort_order) VALUES
('m0000000-0000-0000-0000-000000000001', 'Записанные уроки', 'Основная программа курса. Теория и практика в удобном формате.', 'available', 1),
('m0000000-0000-0000-0000-000000000002', 'Прямые эфиры', 'Записи живых разборов и сессий вопросов-ответов.', 'available', 2);

-- ============================================================================
-- 3. УРОКИ
-- ============================================================================

-- Модуль 1: Записанные уроки
INSERT INTO lessons (id, module_id, title, description, duration, status, sort_order) VALUES
('l0000000-0000-0000-0000-000000000001', 'm0000000-0000-0000-0000-000000000001', 'Как работает веб', 'Разбираем путь от ввода ссылки в браузере до появления сайта. HTTP, DNS, Сервер-Клиент — объясняю на пальцах.', '12 мин', 'available', 1),
('l0000000-0000-0000-0000-000000000002', 'm0000000-0000-0000-0000-000000000001', 'Стек инструментов', 'Обзор программ, которые нам понадобятся. VS Code, Node.js, Vercel, Figma. Установка и настройка за 10 минут.', '18 мин', 'locked', 2),
('l0000000-0000-0000-0000-000000000003', 'm0000000-0000-0000-0000-000000000001', 'Ассистент для ТЗ', 'Как правильно ставить задачи нейросети. Создаем системный промпт, который превратит хаос мыслей в четкое Техническое Задание.', '25 мин', 'locked', 3),
('l0000000-0000-0000-0000-000000000004', 'm0000000-0000-0000-0000-000000000001', 'Дизайн-заготовки', 'Где брать вдохновение и готовые компоненты. Обзор библиотек Shadcn/UI, Tailwind UI и Aceternity.', '20 мин', 'locked', 4),
('l0000000-0000-0000-0000-000000000005', 'm0000000-0000-0000-0000-000000000001', 'Подготовка к практике', 'Финальный чек-лист перед началом работы над лендингом. Ментальная установка и организация рабочего времени.', '10 мин', 'locked', 5);

-- Модуль 2: Прямые эфиры
INSERT INTO lessons (id, module_id, title, description, duration, status, sort_order) VALUES
('l0000000-0000-0000-0000-000000000006', 'm0000000-0000-0000-0000-000000000002', 'Организационный сбор', 'Знакомство, правила курса, как проходить программу максимально эффективно.', '45 мин', 'locked', 1),
('l0000000-0000-0000-0000-000000000007', 'm0000000-0000-0000-0000-000000000002', 'Разбор домашних заданий #1', 'Анализируем первые попытки генерации кода. Разбираем типичные ошибки промптинга.', '1 ч 15 мин', 'locked', 2);

-- ============================================================================
-- 4. МАТЕРИАЛЫ К УРОКАМ
-- ============================================================================

-- Урок 1: Как работает веб
INSERT INTO lesson_materials (id, lesson_id, title, type, url, sort_order) VALUES
('mat00000-0000-0000-0000-000000000001', 'l0000000-0000-0000-0000-000000000001', 'Схема работы Web.pdf', 'pdf', '#', 1),
('mat00000-0000-0000-0000-000000000002', 'l0000000-0000-0000-0000-000000000001', 'Глоссарий терминов', 'link', '#', 2);

-- Урок 2: Стек инструментов
INSERT INTO lesson_materials (id, lesson_id, title, type, url, sort_order) VALUES
('mat00000-0000-0000-0000-000000000003', 'l0000000-0000-0000-0000-000000000002', 'Ссылки на скачивание.txt', 'link', '#', 1),
('mat00000-0000-0000-0000-000000000004', 'l0000000-0000-0000-0000-000000000002', 'Конфиг для VS Code', 'code', '#', 2);

-- Урок 3: Ассистент для ТЗ
INSERT INTO lesson_materials (id, lesson_id, title, type, url, sort_order) VALUES
('mat00000-0000-0000-0000-000000000005', 'l0000000-0000-0000-0000-000000000003', 'Промпт "Архитектор".txt', 'code', '#', 1);

-- Урок 4: Дизайн-заготовки
INSERT INTO lesson_materials (id, lesson_id, title, type, url, sort_order) VALUES
('mat00000-0000-0000-0000-000000000006', 'l0000000-0000-0000-0000-000000000004', 'Список ресурсов для дизайна', 'link', '#', 1);

-- ============================================================================
-- 5. ЗАДАЧИ УРОКОВ
-- ============================================================================

-- Урок 1
INSERT INTO lesson_tasks (id, lesson_id, text, sort_order) VALUES
('lt000000-0000-0000-0000-000000000001', 'l0000000-0000-0000-0000-000000000001', 'Посмотреть видео до конца', 1),
('lt000000-0000-0000-0000-000000000002', 'l0000000-0000-0000-0000-000000000001', 'Пройти тест в Telegram-боте', 2);

-- Урок 2
INSERT INTO lesson_tasks (id, lesson_id, text, sort_order) VALUES
('lt000000-0000-0000-0000-000000000003', 'l0000000-0000-0000-0000-000000000002', 'Установить VS Code', 1),
('lt000000-0000-0000-0000-000000000004', 'l0000000-0000-0000-0000-000000000002', 'Зарегистрироваться на GitHub', 2);

-- Урок 3
INSERT INTO lesson_tasks (id, lesson_id, text, sort_order) VALUES
('lt000000-0000-0000-0000-000000000005', 'l0000000-0000-0000-0000-000000000003', 'Сгенерировать ТЗ для своего проекта', 1);

-- ============================================================================
-- 6. СТАДИИ ДАШБОРДА
-- ============================================================================

INSERT INTO dashboard_stages (id, title, subtitle, sort_order) VALUES
('ds000000-0000-0000-0000-000000000001', 'База', 'Неделя 1', 1),
('ds000000-0000-0000-0000-000000000002', 'Лендинг', 'Неделя 2', 2),
('ds000000-0000-0000-0000-000000000003', 'Сервис', 'Недели 3-4', 3),
('ds000000-0000-0000-0000-000000000004', 'Запуск', 'Финал', 4);

-- ============================================================================
-- 7. ЗАДАЧИ СТАДИЙ
-- ============================================================================

-- Стадия 1: База
INSERT INTO stage_tasks (id, stage_id, title, sort_order) VALUES
('st000000-0000-0000-0000-000000000001', 'ds000000-0000-0000-0000-000000000001', 'Посмотреть "Как работает веб"', 1),
('st000000-0000-0000-0000-000000000002', 'ds000000-0000-0000-0000-000000000001', 'Настроить VS Code и окружение', 2),
('st000000-0000-0000-0000-000000000003', 'ds000000-0000-0000-0000-000000000001', 'Сгенерировать ТЗ с Ассистентом', 3),
('st000000-0000-0000-0000-000000000004', 'ds000000-0000-0000-0000-000000000001', 'Выбрать стиль в библиотеке', 4);

-- Стадия 2: Лендинг
INSERT INTO stage_tasks (id, stage_id, title, sort_order) VALUES
('st000000-0000-0000-0000-000000000005', 'ds000000-0000-0000-0000-000000000002', 'Сгенерировать код лендинга', 1),
('st000000-0000-0000-0000-000000000006', 'ds000000-0000-0000-0000-000000000002', 'Задеплоить на Vercel', 2),
('st000000-0000-0000-0000-000000000007', 'ds000000-0000-0000-0000-000000000002', 'Скинуть ссылку в чат', 3);

-- Стадия 3: Сервис
INSERT INTO stage_tasks (id, stage_id, title, sort_order) VALUES
('st000000-0000-0000-0000-000000000008', 'ds000000-0000-0000-0000-000000000003', 'Придумать идею сервиса', 1),
('st000000-0000-0000-0000-000000000009', 'ds000000-0000-0000-0000-000000000003', 'Подключить API нейросети', 2),
('st000000-0000-0000-0000-000000000010', 'ds000000-0000-0000-0000-000000000003', 'Финальный деплой', 3);

-- Стадия 4: Запуск
INSERT INTO stage_tasks (id, stage_id, title, sort_order) VALUES
('st000000-0000-0000-0000-000000000011', 'ds000000-0000-0000-0000-000000000004', 'Презентация проектов', 1),
('st000000-0000-0000-0000-000000000012', 'ds000000-0000-0000-0000-000000000004', 'Получение сертификата', 2);

-- ============================================================================
-- 8. СТИЛИ ДИЗАЙНА
-- ============================================================================

INSERT INTO style_cards (id, name, gradient, image_url, description, long_description, prompt, tags, category, sort_order) VALUES

('sc000000-0000-0000-0000-000000000001',
 'Quiet Luxury',
 'from-stone-100 to-stone-300',
 'https://images.unsplash.com/photo-1616486338812-3dadae4b4f9d?q=80&w=1000&auto=format&fit=crop',
 'Тихая роскошь и сдержанность',
 'Эстетика "старых денег". Приглушённые нейтральные тона, натуральные материалы (лён, камень), изысканная типографика. Дизайн, который не кричит о цене, но шепчет о качестве. Идеально для премиум-сегмента, отелей и личных брендов.',
 'Create a "Quiet Luxury" web interface. Palette: Muted neutrals (Ivory, Sand, Taupe, Mocha Mousse). Typography: Classic Serif headers (Cormorant Garamond) with wide letter-spacing, neutral Sans-serif for body. Layout: Generous whitespace, vertical rhythm. UI Elements: Minimal buttons with thin borders, soft shadows, no aggressive accents. Textures: Grain overlay, linen, paper. Atmosphere: Expensive, understated, timeless.',
 ARRAY['Premium', 'Serif', 'Warm'],
 'Минимализм', 1),

('sc000000-0000-0000-0000-000000000002',
 'Neobrutalism',
 'from-yellow-300 to-pink-500',
 'https://images.unsplash.com/photo-1541701494587-cb58502866ab?q=80&w=1000&auto=format&fit=crop',
 'Яркий, честный, дерзкий',
 'Современная интерпретация брутализма. Высокий контраст, кислотные цвета, жесткие тени без размытия, толстые обводки. Эстетика "уродства", которая привлекает внимание. Подходит для стартапов, креативных агентств и смелых блогов.',
 'Design a Neobrutalism interface. Colors: High contrast, saturated Lime/Electric Blue/Hot Pink on white/cream background. Typography: Bold Sans-serif headers (Inter Bold, Satoshi), Monospace for accents. Shapes: Sharp corners, thick black borders (3-5px), hard unblurred shadows. Layout: Dense, grid-based, "raw" aesthetic. UI Elements: Chunky buttons, default HTML vibes, sticker aesthetic.',
 ARRAY['Bold', 'Contrast', 'Raw'],
 'Яркие', 2),

('sc000000-0000-0000-0000-000000000003',
 'Bento Grid',
 'from-gray-200 to-gray-400',
 'https://images.unsplash.com/photo-1611162617474-5b21e879e113?q=80&w=1000&auto=format&fit=crop',
 'Структура и модульность',
 'Организация контента в виде ячеек разного размера, как в японском ланчбоксе. Идеально для дашбордов и портфолио. Порядок, который приносит удовольствие. Каждый блок — отдельная история, но вместе они складываются в целое.',
 'Create a Bento Grid layout design. Visual Style: Modular, organized, Apple-like aesthetic. Structure: Asymmetric grid of rectangular cards (bento box). Styling: Smooth rounded corners (16-24px), soft backgrounds (off-white or light gray), subtle borders. Typography: Clean Sans-serif (SF Pro, Inter). Content: Each cell contains distinct content (numbers, charts, icons) with clear hierarchy.',
 ARRAY['Grid', 'Structure', 'Apple'],
 'Минимализм', 3),

('sc000000-0000-0000-0000-000000000004',
 'Anti-Design',
 'from-lime-400 to-fuchsia-600',
 'https://images.unsplash.com/photo-1550684848-fac1c5b4e853?q=80&w=1000&auto=format&fit=crop',
 'Хаос и самовыражение',
 'Стиль, нарушающий правила. Конфликтующие цвета, растянутые шрифты, наложение элементов. Эстетика бунта и Gen Z энергии. Дизайн как высказывание: "Мы не пытаемся быть красивыми".',
 'Generate an Anti-Design / Cluttercore interface. Aesthetic: Chaotic, rebellious, "ugly-cool". Colors: Clashing neons (Brat Green vs Magenta). Typography: Distorted, stretched, mixed fonts (Serif + Sans). Layout: Overlapping elements, broken grid, random rotation. UI Elements: Glitch effects, raw unstyled components, maximalist visual noise.',
 ARRAY['Chaos', 'Gen Z', 'Acid'],
 'Яркие', 4),

('sc000000-0000-0000-0000-000000000005',
 'Human-Crafted',
 'from-orange-100 to-amber-200',
 'https://images.unsplash.com/photo-1544256671-50965365511b?q=80&w=1000&auto=format&fit=crop',
 'Тепло и несовершенство',
 'Противовес искусственному интеллекту. Рукописные элементы, неровные линии, бумажные текстуры, "живые" цвета. Уют и человечность. Дизайн говорит: "Это сделал человек, и это видно".',
 'Design a Human-Crafted / Organic interface. Palette: Earthy tones (Terracotta, Olive, Sage, Cream). Forms: Imperfect "wobbly" lines, organic blob shapes, hand-drawn elements. Typography: Humanist Sans or hand-written scripts. Textures: Paper grain, watercolor, canvas. UI Elements: Soft, non-geometric buttons, illustrations instead of stock photos. Atmosphere: Cozy, authentic, artisanal.',
 ARRAY['Organic', 'Handmade', 'Warm'],
 'Светлые', 5),

('sc000000-0000-0000-0000-000000000006',
 'Warm Minimalism',
 'from-stone-50 to-orange-50',
 'https://images.unsplash.com/photo-1507652313519-d4e9174996dd?q=80&w=1000&auto=format&fit=crop',
 'Мягкость и комфорт',
 'Минимализм без холода. Тёплые оттенки бежевого, мягкие тени, очень скругленные углы. Дизайн, который успокаивает. Идеально для wellness-приложений и lifestyle-брендов.',
 'Create a Warm Minimalism design. Palette: Warm neutrals (Taupe, Beige, Cream, Dusty Rose) - avoid pure white/black. Shapes: Very soft rounded corners (24px+). Typography: Rounded Sans-serif or Soft Serif (Nunito, Lora). UI Elements: Soft blurred shadows, pill-shaped buttons, clean inputs. Atmosphere: Soothing, wellness-focused, "Hygge" digital experience.',
 ARRAY['Soft', 'Calm', 'Beige'],
 'Минимализм', 6),

('sc000000-0000-0000-0000-000000000007',
 'Dark Mode Neon',
 'from-slate-900 to-cyan-900',
 'https://images.unsplash.com/photo-1555680202-c86f0e12f086?q=80&w=1000&auto=format&fit=crop',
 'Глубина и свечение',
 'Глубокий темный фон (почти черный) с резкими неоновыми акцентами. Эстетика киберпанка, инструментов для разработчиков и ночного города. Glow-эффекты и градиентные границы.',
 'Design a Dark Mode Neon interface. Background: Deep Black (#0a0a0a) or Dark Blue. Accents: High-intensity Neon Cyan, Magenta, Lime. Typography: Geometric Sans (Space Grotesk) or Monospace. Effects: Outer glow (box-shadow) on elements, gradient borders, glassmorphism. Atmosphere: Cyberpunk, DevTools, Night City vibes.',
 ARRAY['Cyber', 'Neon', 'Glow'],
 'Тёмные', 7);

-- ============================================================================
-- 9. ГЛОССАРИЙ ТЕРМИНОВ
-- ============================================================================

INSERT INTO glossary_terms (id, term, slang, definition, category, sort_order) VALUES

-- Базовые
('gt000000-0000-0000-0000-000000000001', 'Frontend', 'Фронтенд, фронт', 'Всё, что видит пользователь на сайте: кнопки, тексты, картинки, анимации. Это «лицо» сайта. Когда ты меняешь цвет кнопки или текст заголовка — ты работаешь с фронтендом.', 'Базовые', 1),
('gt000000-0000-0000-0000-000000000002', 'Backend', 'Бэкенд, бэк', 'Всё, что работает «за кулисами» и не видно пользователю: обработка данных, логика, база данных. Например, когда ты нажимаешь «отправить заявку» — бэкенд её принимает и сохраняет.', 'Базовые', 2),
('gt000000-0000-0000-0000-000000000003', 'Fullstack', 'Фуллстек', 'Когда один человек делает и фронтенд, и бэкенд. Вайб-кодер по сути становится фуллстеком — нейросеть помогает делать обе части.', 'Базовые', 3),
('gt000000-0000-0000-0000-000000000004', 'Деплой', 'Задеплоить, выкатить, залить', 'Процесс публикации сайта в интернет. До деплоя сайт видишь только ты на своём компьютере. После деплоя — он доступен всем по ссылке.', 'Базовые', 4),
('gt000000-0000-0000-0000-000000000005', 'Локально', 'Локалка', 'Когда сайт или сервис работает только на твоём компьютере и никто другой его не видит. Противоположность «в продакшене» (опубликованному).', 'Базовые', 5),
('gt000000-0000-0000-0000-000000000006', 'Продакшен', 'Прод', 'Рабочая версия сайта, которую видят пользователи. «Выкатить в прод» — значит опубликовать для всех.', 'Базовые', 6),

-- Код
('gt000000-0000-0000-0000-000000000007', 'HTML', NULL, 'Язык разметки — скелет страницы. Определяет, что на странице есть: заголовок, текст, картинка, кнопка. Не отвечает за красоту — только за структуру.', 'Код', 7),
('gt000000-0000-0000-0000-000000000008', 'CSS', NULL, 'Язык стилей — одежда для скелета. Определяет, как всё выглядит: цвета, шрифты, отступы, размеры. Если HTML говорит «тут кнопка», то CSS говорит «кнопка синяя, круглая, большая».', 'Код', 8),
('gt000000-0000-0000-0000-000000000009', 'React', 'Реакт', 'Популярный инструмент для создания сайтов на JavaScript. Многие современные сайты сделаны на React. Нейросети часто генерируют код именно на нём.', 'Код', 9),

-- Инструменты
('gt000000-0000-0000-0000-000000000010', 'GitHub', 'Гитхаб, гит', 'Сервис для хранения кода. Как Google Диск, только для программистов. Хранишь там свой проект, можешь откатиться к старой версии, делиться с другими.', 'Инструменты', 10),
('gt000000-0000-0000-0000-000000000011', 'Vercel', 'Версель', 'Сервис для деплоя сайтов. Подключаешь GitHub — он автоматически публикует твой сайт. Бесплатный для небольших проектов.', 'Инструменты', 11),
('gt000000-0000-0000-0000-000000000012', 'Cursor', 'Курсор', 'Редактор кода со встроенным ИИ. Пишешь ему, что хочешь — он генерирует или правит код прямо в проекте.', 'Инструменты', 12),

-- API
('gt000000-0000-0000-0000-000000000013', 'API', 'Апи, эйпиай', 'Способ общения между программами. Твой сервис отправляет запрос — другой сервис отвечает. Например, ты отправляешь текст в API Claude — получаешь ответ нейросети. Как официант между тобой и кухней.', 'API', 13),
('gt000000-0000-0000-0000-000000000014', 'API-ключ', 'Токен, ключ', 'Пароль для доступа к API. Без него сервис не ответит на твои запросы. Нельзя показывать публично — иначе кто-то воспользуется твоим ключом и потратит твои лимиты.', 'API', 14),

-- Ошибки
('gt000000-0000-0000-0000-000000000015', 'Баг', 'Баг', 'Ошибка в коде. Что-то работает не так, как задумано. «Поймать баг» — найти ошибку, «пофиксить баг» — исправить.', 'Ошибки', 15),
('gt000000-0000-0000-0000-000000000016', 'Ошибка 404', NULL, 'Страница не найдена. Ввёл неправильный адрес или страница удалена.', 'Ошибки', 16),

-- Вайб-кодинг
('gt000000-0000-0000-0000-000000000017', 'Вайб-кодинг', NULL, 'Создание сайтов и сервисов с помощью нейросетей. Ты описываешь, что хочешь — ИИ генерирует код. Не нужно знать программирование, нужно уметь формулировать задачи.', 'Вайб-кодинг', 17),
('gt000000-0000-0000-0000-000000000018', 'Промпт', 'Промт', 'Текстовый запрос к нейросети. То, что ты пишешь, чтобы получить результат. Качество промпта определяет качество результата.', 'Вайб-кодинг', 18),
('gt000000-0000-0000-0000-000000000019', 'Галлюцинация', NULL, 'Когда нейросеть выдумывает несуществующее: функции, которых нет, библиотеки, которые не существуют. Нужно проверять, что она написала.', 'Вайб-кодинг', 19);

-- ============================================================================
-- 10. ПРОМПТЫ
-- ============================================================================

-- Multi-step промпт (без content, с шагами)
INSERT INTO prompts (id, title, description, content, usage_instruction, category, tags, sort_order) VALUES
('pr000000-0000-0000-0000-000000000001',
 'Стек: Запуск Лендинга',
 'Полный цикл создания лендинга: от структуры и текстов до финального кода. Используй эти 3 промпта по очереди.',
 NULL,
 'Копируйте и отправляйте промпты по одному в том же чате. Дождитесь ответа нейросети перед отправкой следующего шага.',
 'Лендинг',
 ARRAY['Full Stack', 'Workflow', 'Landing'],
 1);

-- Шаги для multi-step промпта
INSERT INTO prompt_steps (id, prompt_id, title, description, content, sort_order) VALUES
('ps000000-0000-0000-0000-000000000001', 'pr000000-0000-0000-0000-000000000001',
 'Шаг 1: Роль и Структура',
 'Задаем роль и генерируем контент',
 'Ты — Senior Marketing Specialist и UX/UI Designer. Твоя задача — спроектировать структуру лендинга для [ОПИСАНИЕ ПРОЕКТА].

1. Определи целевую аудиторию и их боли.
2. Напиши продающие заголовки и тексты для каждой секции (Hero, Benefits, Features, Proof, CTA).
3. Опиши визуальный стиль (цвета, настроение), который подойдет этой нише.

Не пиши код, только структуру и контент.', 1),

('ps000000-0000-0000-0000-000000000002', 'pr000000-0000-0000-0000-000000000001',
 'Шаг 2: Дизайн и Компоненты',
 'Подбираем библиотеку компонентов',
 'Отлично. Теперь давай реализуем это визуально. Мы будем использовать React, Tailwind CSS и Lucide React.

Предложи, какие компоненты нам понадобятся для каждой секции. Используй стиль "Bento Grid" для преимуществ и крупные типографические акценты. Опиши цветовую палитру в Tailwind классах.', 2),

('ps000000-0000-0000-0000-000000000003', 'pr000000-0000-0000-0000-000000000001',
 'Шаг 3: Генерация Кода',
 'Получаем готовый React код',
 'Теперь напиши полный код этого лендинга одним файлом (или разбей на компоненты, если код слишком большой).

- Используй `export default function LandingPage()`.
- Сделай адаптивную верстку (mobile-first).
- Добавь красивые hover-эффекты и плавные переходы.
- Используй Lucide React для иконок.
- Заполни реальными текстами из первого шага.', 3);

-- Обычные промпты (с content)
INSERT INTO prompts (id, title, description, content, usage_instruction, category, tags, sort_order) VALUES
('pr000000-0000-0000-0000-000000000002',
 'Лендинг для Эксперта',
 'Создание продающего лендинга для личного бренда (коуч, психолог, консультант).',
 'Ты — Senior Frontend Developer с чувством вкуса. Твоя задача — создать современный, адаптивный лендинг для эксперта в нише [Ниша].

Стек: React, Tailwind CSS, Lucide React.

Структура:
1. Hero Section: Крупное фото, заголовок с УТП, кнопка призыва к действию.
2. Обо мне: Краткая биография, цифры/факты.
3. Услуги: Карточки с тарифами.
4. Отзывы: Слайдер или сетка.
5. Футер: Контакты и соцсети.

Дизайн:
- Стиль: "Quiet Luxury" (минимализм, дорогая типографика).
- Цвета: Бежевый, темно-серый, акценты золотого/бронзового.
- Анимации: Плавное появление (fade-in) при скролле (Framer Motion).

Важно: Сделай код модульным. Все тексты вынеси в отдельный объект или массив.',
 'Замените информацию в [квадратных скобках] на данные эксперта. Используйте этот промпт в начале нового диалога.',
 'Лендинг',
 ARRAY['Personal Brand', 'Landing Page', 'Conversion'],
 2),

('pr000000-0000-0000-0000-000000000003',
 'Dashboard с Графиками',
 'Админ-панель для отображения статистики и данных.',
 'Разработай компонент DashboardLayout с боковым меню и областью контента.
Внутри создай страницу "Обзор" (Overview) с:
1. Карточками метрик (KPI) - 4 штуки в ряд.
2. Графиком продаж (используй заглушку или Recharts, если можешь).
3. Таблицей последних транзакций.

Стиль: Чистый, корпоративный (как Stripe). Светлая тема.
Обязательно: Полная адаптивность под мобильные (бургер-меню).',
 'Используйте для создания внутренних инструментов или личных кабинетов.',
 'Веб-сервис',
 ARRAY['Dashboard', 'Analytics', 'Charts'],
 3),

('pr000000-0000-0000-0000-000000000004',
 'Поиск Ошибок (Debug)',
 'Анализ кода на наличие багов и проблем с производительностью.',
 'Проанализируй этот React компонент.
Найди:
1. Потенциальные утечки памяти (useEffect без cleanup).
2. Лишние ререндеры.
3. Ошибки типизации (TypeScript).
4. Проблемы с доступностью (a11y).

Предложи исправленный вариант кода с комментариями.',
 'Используйте, если что-то не работает или работает медленно.',
 'Фиксы',
 ARRAY['Debug', 'Audit', 'Clean Code'],
 4);

-- ============================================================================
-- 11. ДОРОЖНЫЕ КАРТЫ (ROADMAPS)
-- ============================================================================

-- Категория: Подготовка
INSERT INTO roadmaps (id, title, description, category, icon, estimated_time, difficulty, sort_order) VALUES
('rm000000-0000-0000-0000-000000000001', 'Настройка рабочего окружения', 'Подготовь все инструменты перед началом работы. Это база, без которой ничего не полетит.', 'Подготовка', '🛠', '20 мин', 'Легко', 1),
('rm000000-0000-0000-0000-000000000002', 'Знакомство с Google AI Studio', 'Научись работать с интерфейсом генерации кода. Твой главный инструмент вайб-кодинга.', 'Подготовка', '🤖', '15 мин', 'Легко', 2),
('rm000000-0000-0000-0000-000000000003', 'Основы GitHub', 'Как создавать репозитории и загружать туда файлы. Это твой "сейф" для кода.', 'Подготовка', '🐙', '20 мин', 'Легко', 3);

-- Категория: Лендинг
INSERT INTO roadmaps (id, title, description, category, icon, estimated_time, difficulty, sort_order) VALUES
('rm000000-0000-0000-0000-000000000004', 'Создание лендинга с нуля', 'Полный цикл: от идеи до готового кода в репозитории.', 'Лендинг', '🎨', '60 мин', 'Средне', 4),
('rm000000-0000-0000-0000-000000000005', 'Деплой на Vercel', 'Публикуем сайт в интернет, чтобы его видели все.', 'Лендинг', '🚀', '10 мин', 'Легко', 5),
('rm000000-0000-0000-0000-000000000006', 'Подключение домена', 'Красивый адрес вида mysite.ru вместо vercel.app.', 'Лендинг', '🌐', '15 мин', 'Средне', 6),
('rm000000-0000-0000-0000-000000000007', 'Добавление формы заявки', 'Чтобы клиенты могли писать тебе прямо с сайта.', 'Лендинг', '📝', '20 мин', 'Средне', 7);

-- Категория: Веб-сервис
INSERT INTO roadmaps (id, title, description, category, icon, estimated_time, difficulty, sort_order) VALUES
('rm000000-0000-0000-0000-000000000008', 'Веб-сервис с ИИ', 'Создаем приложение, которое "думает". Продвинутый уровень.', 'Веб-сервис', '⚡', '90 мин', 'Сложно', 8),
('rm000000-0000-0000-0000-000000000009', 'Подключение API нейросети', 'Техническая часть: как общаться с мозгом ИИ.', 'Веб-сервис', '🔌', '15 мин', 'Средне', 9),
('rm000000-0000-0000-0000-000000000010', 'Переменные окружения (Env)', 'Безопасность. Чтобы твой ключ не украли хакеры.', 'Веб-сервис', '🔐', '10 мин', 'Средне', 10);

-- Категория: Полезное
INSERT INTO roadmaps (id, title, description, category, icon, estimated_time, difficulty, sort_order) VALUES
('rm000000-0000-0000-0000-000000000011', 'Исправление ошибок', 'Что делать, когда "красный экран" или ничего не работает.', 'Полезное', '🐛', '15 мин', 'Средне', 11),
('rm000000-0000-0000-0000-000000000012', 'Мобильная адаптация', 'Чтобы сайт красиво выглядел на телефоне.', 'Полезное', '📱', '20 мин', 'Легко', 12),
('rm000000-0000-0000-0000-000000000013', 'Финальный чек-лист', 'Проверка перед тем, как показать проект миру.', 'Полезное', '✅', '15 мин', 'Легко', 13);

-- ============================================================================
-- 12. ШАГИ ДОРОЖНЫХ КАРТ
-- ============================================================================

-- Roadmap 1: Настройка рабочего окружения
INSERT INTO roadmap_steps (id, roadmap_id, title, description, link_url, link_text, sort_order) VALUES
('rs000000-0000-0000-0000-000000000001', 'rm000000-0000-0000-0000-000000000001', 'Создай аккаунт Google', 'Нужен для доступа к Google AI Studio. Если уже есть Gmail — шаг выполнен.', NULL, NULL, 1),
('rs000000-0000-0000-0000-000000000002', 'rm000000-0000-0000-0000-000000000001', 'Зарегистрируйся в Google AI Studio', 'Перейди на aistudio.google.com и войди. Это бесплатно.', 'https://aistudio.google.com/', 'Открыть AI Studio', 2),
('rs000000-0000-0000-0000-000000000003', 'rm000000-0000-0000-0000-000000000001', 'Создай аккаунт GitHub', 'Твое портфолио и хранилище кода. Запомни логин и пароль.', 'https://github.com/signup', 'Регистрация', 3),
('rs000000-0000-0000-0000-000000000004', 'rm000000-0000-0000-0000-000000000001', 'Создай аккаунт Vercel', 'Лучше регистрироваться через кнопку "Continue with GitHub".', 'https://vercel.com/signup', 'Регистрация Vercel', 4),
('rs000000-0000-0000-0000-000000000005', 'rm000000-0000-0000-0000-000000000001', 'Установи VS Code (опционально)', 'Редактор кода. Можно работать и в браузере, но локально удобнее.', 'https://code.visualstudio.com/', 'Скачать VS Code', 5),
('rs000000-0000-0000-0000-000000000006', 'rm000000-0000-0000-0000-000000000001', 'Создай папку для проектов', 'Например "VIBES-Projects" на рабочем столе.', NULL, NULL, 6);

-- Roadmap 2: Знакомство с Google AI Studio
INSERT INTO roadmap_steps (id, roadmap_id, title, description, link_url, link_text, sort_order) VALUES
('rs000000-0000-0000-0000-000000000007', 'rm000000-0000-0000-0000-000000000002', 'Открой AI Studio', 'Зайди в интерфейс.', 'https://aistudio.google.com/', 'Перейти', 1),
('rs000000-0000-0000-0000-000000000008', 'rm000000-0000-0000-0000-000000000002', 'Создай новый чат', 'Нажми "Create new" или "New chat".', NULL, NULL, 2),
('rs000000-0000-0000-0000-000000000009', 'rm000000-0000-0000-0000-000000000002', 'Напиши тестовый промпт', 'Например: "Напиши HTML-код кнопки с градиентом".', NULL, NULL, 3),
('rs000000-0000-0000-0000-000000000010', 'rm000000-0000-0000-0000-000000000002', 'Скопируй код', 'Найди кнопку копирования в ответе нейросети.', NULL, NULL, 4),
('rs000000-0000-0000-0000-000000000011', 'rm000000-0000-0000-0000-000000000002', 'Изучи настройки', 'Найди Temperature и System Instructions справа. Пока не меняй.', NULL, NULL, 5);

-- Roadmap 3: Основы GitHub
INSERT INTO roadmap_steps (id, roadmap_id, title, description, link_url, link_text, sort_order) VALUES
('rs000000-0000-0000-0000-000000000012', 'rm000000-0000-0000-0000-000000000003', 'Войди в GitHub', 'Убедись, что ты авторизован.', 'https://github.com', 'GitHub', 1),
('rs000000-0000-0000-0000-000000000013', 'rm000000-0000-0000-0000-000000000003', 'Создай новый репозиторий', 'Нажми "+" вверху справа -> "New repository".', NULL, NULL, 2),
('rs000000-0000-0000-0000-000000000014', 'rm000000-0000-0000-0000-000000000003', 'Настрой репозиторий', 'Имя: my-first-site. Public. Галочка "Add a README file".', NULL, NULL, 3),
('rs000000-0000-0000-0000-000000000015', 'rm000000-0000-0000-0000-000000000003', 'Добавь файл index.html', 'Кнопка "Add file" -> "Create new file". Назови index.html.', NULL, NULL, 4),
('rs000000-0000-0000-0000-000000000016', 'rm000000-0000-0000-0000-000000000003', 'Сохрани (Commit)', 'Вставь любой код и нажми зеленую кнопку "Commit changes".', NULL, NULL, 5),
('rs000000-0000-0000-0000-000000000017', 'rm000000-0000-0000-0000-000000000003', 'Скопируй ссылку', 'Кнопка "Code" -> вкладка HTTPS. Пригодится для Vercel.', NULL, NULL, 6);

-- Roadmap 4: Создание лендинга с нуля
INSERT INTO roadmap_steps (id, roadmap_id, title, description, link_url, link_text, sort_order) VALUES
('rs000000-0000-0000-0000-000000000018', 'rm000000-0000-0000-0000-000000000004', 'Определи цель', 'Для кого сайт? Что он должен продать или рассказать?', NULL, NULL, 1),
('rs000000-0000-0000-0000-000000000019', 'rm000000-0000-0000-0000-000000000004', 'Выбери стиль', 'Зайди в "Библиотеку стилей" и выбери подходящий визуал.', NULL, NULL, 2),
('rs000000-0000-0000-0000-000000000020', 'rm000000-0000-0000-0000-000000000004', 'Сгенерируй код', 'В AI Studio напиши ТЗ + промпт стиля. Получи index.html.', NULL, NULL, 3),
('rs000000-0000-0000-0000-000000000021', 'rm000000-0000-0000-0000-000000000004', 'Создай репозиторий', 'Назови его, например, "landing-page".', NULL, NULL, 4),
('rs000000-0000-0000-0000-000000000022', 'rm000000-0000-0000-0000-000000000004', 'Загрузи код', 'Создай файл index.html в репозитории и вставь код от нейросети.', NULL, NULL, 5),
('rs000000-0000-0000-0000-000000000023', 'rm000000-0000-0000-0000-000000000004', 'Проверь код', 'Убедись, что нет явных ошибок в тексте.', NULL, NULL, 6);

-- Roadmap 5: Деплой на Vercel
INSERT INTO roadmap_steps (id, roadmap_id, title, description, link_url, link_text, sort_order) VALUES
('rs000000-0000-0000-0000-000000000024', 'rm000000-0000-0000-0000-000000000005', 'Зайди в Vercel', 'Авторизуйся через GitHub.', 'https://vercel.com/dashboard', 'Vercel Dashboard', 1),
('rs000000-0000-0000-0000-000000000025', 'rm000000-0000-0000-0000-000000000005', 'Нажми "Add New Project"', 'Кнопка обычно справа вверху.', NULL, NULL, 2),
('rs000000-0000-0000-0000-000000000026', 'rm000000-0000-0000-0000-000000000005', 'Импортируй репозиторий', 'Найди свой лендинг в списке и нажми "Import".', NULL, NULL, 3),
('rs000000-0000-0000-0000-000000000027', 'rm000000-0000-0000-0000-000000000005', 'Нажми Deploy', 'Настройки менять не нужно. Просто жми кнопку.', NULL, NULL, 4),
('rs000000-0000-0000-0000-000000000028', 'rm000000-0000-0000-0000-000000000005', 'Получи ссылку', 'После салюта нажми на домен (domain.vercel.app).', NULL, NULL, 5),
('rs000000-0000-0000-0000-000000000029', 'rm000000-0000-0000-0000-000000000005', 'Добавь в портфолио', 'Сохрани ссылку в разделе "Мои проекты".', NULL, NULL, 6);

-- Roadmap 6: Подключение домена
INSERT INTO roadmap_steps (id, roadmap_id, title, description, link_url, link_text, sort_order) VALUES
('rs000000-0000-0000-0000-000000000030', 'rm000000-0000-0000-0000-000000000006', 'Купи домен', 'На Reg.ru или другом регистраторе.', NULL, NULL, 1),
('rs000000-0000-0000-0000-000000000031', 'rm000000-0000-0000-0000-000000000006', 'Настройки Vercel', 'Settings -> Domains -> Add. Введи свой домен.', NULL, NULL, 2),
('rs000000-0000-0000-0000-000000000032', 'rm000000-0000-0000-0000-000000000006', 'Настрой DNS', 'В панели регистратора пропиши A-запись или CNAME, как просит Vercel.', NULL, NULL, 3),
('rs000000-0000-0000-0000-000000000033', 'rm000000-0000-0000-0000-000000000006', 'Жди обновления', 'Обычно 15-30 минут.', NULL, NULL, 4),
('rs000000-0000-0000-0000-000000000034', 'rm000000-0000-0000-0000-000000000006', 'Проверь HTTPS', 'Vercel сам сделает сертификат безопасности.', NULL, NULL, 5);

-- Roadmap 7: Добавление формы заявки
INSERT INTO roadmap_steps (id, roadmap_id, title, description, link_url, link_text, sort_order) VALUES
('rs000000-0000-0000-0000-000000000035', 'rm000000-0000-0000-0000-000000000007', 'Выбери сервис', 'Formspree, Getform или Tally. Formspree самый простой.', NULL, NULL, 1),
('rs000000-0000-0000-0000-000000000036', 'rm000000-0000-0000-0000-000000000007', 'Создай форму', 'В сервисе нажми "New Form" и получи Endpoint URL.', NULL, NULL, 2),
('rs000000-0000-0000-0000-000000000037', 'rm000000-0000-0000-0000-000000000007', 'Попроси нейросеть', 'Промпт: "Добавь форму с полями Имя, Email. Отправка на [твой URL]".', NULL, NULL, 3),
('rs000000-0000-0000-0000-000000000038', 'rm000000-0000-0000-0000-000000000007', 'Обнови код', 'Замени старый код в GitHub на новый.', NULL, NULL, 4),
('rs000000-0000-0000-0000-000000000039', 'rm000000-0000-0000-0000-000000000007', 'Тест', 'Заполни форму на сайте и проверь почту.', NULL, NULL, 5);

-- Roadmap 8: Веб-сервис с ИИ
INSERT INTO roadmap_steps (id, roadmap_id, title, description, link_url, link_text, sort_order) VALUES
('rs000000-0000-0000-0000-000000000040', 'rm000000-0000-0000-0000-000000000008', 'Идея и логика', 'Что вводим -> Что делает ИИ -> Что получаем.', NULL, NULL, 1),
('rs000000-0000-0000-0000-000000000041', 'rm000000-0000-0000-0000-000000000008', 'Сгенерируй интерфейс', 'Получи HTML/CSS без логики. Проверь визуал.', NULL, NULL, 2),
('rs000000-0000-0000-0000-000000000042', 'rm000000-0000-0000-0000-000000000008', 'Получи API ключ', 'В Google AI Studio. Скопируй, но не показывай никому.', NULL, NULL, 3),
('rs000000-0000-0000-0000-000000000043', 'rm000000-0000-0000-0000-000000000008', 'Напиши логику', 'Попроси ИИ добавить JS-код для запроса к API.', NULL, NULL, 4),
('rs000000-0000-0000-0000-000000000044', 'rm000000-0000-0000-0000-000000000008', 'Задеплой на Vercel', 'Опубликуй как обычно.', NULL, NULL, 5),
('rs000000-0000-0000-0000-000000000045', 'rm000000-0000-0000-0000-000000000008', 'Настрой переменные (Env)', 'Добавь API ключ в настройки Vercel (не в код!).', NULL, NULL, 6);

-- Roadmap 9: Подключение API нейросети
INSERT INTO roadmap_steps (id, roadmap_id, title, description, link_url, link_text, sort_order) VALUES
('rs000000-0000-0000-0000-000000000046', 'rm000000-0000-0000-0000-000000000009', 'Консоль разработчика', 'Зайди в aistudio.google.com -> Get API Key.', NULL, NULL, 1),
('rs000000-0000-0000-0000-000000000047', 'rm000000-0000-0000-0000-000000000009', 'Создай ключ', 'Нажми "Create API Key". Скопируй.', NULL, NULL, 2),
('rs000000-0000-0000-0000-000000000048', 'rm000000-0000-0000-0000-000000000009', 'Промпт для кода', '"Напиши JS функцию fetch для отправки текста в Gemini API".', NULL, NULL, 3),
('rs000000-0000-0000-0000-000000000049', 'rm000000-0000-0000-0000-000000000009', 'Локальный тест', 'Можно временно вставить ключ в код для проверки. Потом убрать!', NULL, NULL, 4);

-- Roadmap 10: Переменные окружения (Env)
INSERT INTO roadmap_steps (id, roadmap_id, title, description, link_url, link_text, sort_order) VALUES
('rs000000-0000-0000-0000-000000000050', 'rm000000-0000-0000-0000-000000000010', 'Пойми суть', 'Код видят все. Env переменные видит только сервер.', NULL, NULL, 1),
('rs000000-0000-0000-0000-000000000051', 'rm000000-0000-0000-0000-000000000010', 'Настройки Vercel', 'Settings -> Environment Variables.', NULL, NULL, 2),
('rs000000-0000-0000-0000-000000000052', 'rm000000-0000-0000-0000-000000000010', 'Добавь ключ', 'Name: API_KEY, Value: твой_ключ_от_гугл.', NULL, NULL, 3),
('rs000000-0000-0000-0000-000000000053', 'rm000000-0000-0000-0000-000000000010', 'Обнови код', 'Используй process.env.API_KEY вместо самого ключа.', NULL, NULL, 4),
('rs000000-0000-0000-0000-000000000054', 'rm000000-0000-0000-0000-000000000010', 'Передеплой', 'Сделай Redeploy в Vercel, чтобы настройки применились.', NULL, NULL, 5);

-- Roadmap 11: Исправление ошибок
INSERT INTO roadmap_steps (id, roadmap_id, title, description, link_url, link_text, sort_order) VALUES
('rs000000-0000-0000-0000-000000000055', 'rm000000-0000-0000-0000-000000000011', 'Не паникуй', 'Ошибки — это часть работы программиста.', NULL, NULL, 1),
('rs000000-0000-0000-0000-000000000056', 'rm000000-0000-0000-0000-000000000011', 'Открой консоль', 'F12 -> вкладка Console. Там пишут причину красным.', NULL, NULL, 2),
('rs000000-0000-0000-0000-000000000057', 'rm000000-0000-0000-0000-000000000011', 'Скопируй ошибку', 'Прямо весь текст.', NULL, NULL, 3),
('rs000000-0000-0000-0000-000000000058', 'rm000000-0000-0000-0000-000000000011', 'Спроси ИИ', '"У меня ошибка [текст]. Вот мой код [код]. Почини".', NULL, NULL, 4),
('rs000000-0000-0000-0000-000000000059', 'rm000000-0000-0000-0000-000000000011', 'Примени решение', 'Вставь исправленный код и обнови страницу.', NULL, NULL, 5);

-- Roadmap 12: Мобильная адаптация
INSERT INTO roadmap_steps (id, roadmap_id, title, description, link_url, link_text, sort_order) VALUES
('rs000000-0000-0000-0000-000000000060', 'rm000000-0000-0000-0000-000000000012', 'Проверь на телефоне', 'Открой реальный сайт на смартфоне.', NULL, NULL, 1),
('rs000000-0000-0000-0000-000000000061', 'rm000000-0000-0000-0000-000000000012', 'Проверь текст', 'Читается? Не слишком мелко?', NULL, NULL, 2),
('rs000000-0000-0000-0000-000000000062', 'rm000000-0000-0000-0000-000000000012', 'Проверь кнопки', 'Удобно нажимать пальцем?', NULL, NULL, 3),
('rs000000-0000-0000-0000-000000000063', 'rm000000-0000-0000-0000-000000000012', 'Выпиши проблемы', 'Например: "картинка уехала", "меню не влезает".', NULL, NULL, 4),
('rs000000-0000-0000-0000-000000000064', 'rm000000-0000-0000-0000-000000000012', 'Фикс через ИИ', '"Сделай адаптив: поправь меню для мобильных, увеличь шрифт".', NULL, NULL, 5);

-- Roadmap 13: Финальный чек-лист
INSERT INTO roadmap_steps (id, roadmap_id, title, description, link_url, link_text, sort_order) VALUES
('rs000000-0000-0000-0000-000000000065', 'rm000000-0000-0000-0000-000000000013', 'Ссылки', 'Кликни на все ссылки. Они работают?', NULL, NULL, 1),
('rs000000-0000-0000-0000-000000000066', 'rm000000-0000-0000-0000-000000000013', 'Формы', 'Отправь тестовую заявку. Пришла?', NULL, NULL, 2),
('rs000000-0000-0000-0000-000000000067', 'rm000000-0000-0000-0000-000000000013', 'Орфография', 'Перечитай тексты. Нет ошибок?', NULL, NULL, 3),
('rs000000-0000-0000-0000-000000000068', 'rm000000-0000-0000-0000-000000000013', 'Контакты', 'Телефон и почта правильные?', NULL, NULL, 4),
('rs000000-0000-0000-0000-000000000069', 'rm000000-0000-0000-0000-000000000013', 'Мета-теги', 'Скинь ссылку другу в Telegram. Красивая превьюшка?', NULL, NULL, 5),
('rs000000-0000-0000-0000-000000000070', 'rm000000-0000-0000-0000-000000000013', 'Публикация', 'Если все ок — ты молодец! Делись ссылкой.', NULL, NULL, 6);

-- ============================================================================
-- 13. СИСТЕМНАЯ ИНСТРУКЦИЯ ДЛЯ AI АССИСТЕНТА
-- ============================================================================

INSERT INTO ai_system_instructions (id, name, content, is_active) VALUES
('ai000000-0000-0000-0000-000000000001',
 'default',
 'Ты — ассистент курса VIBES по вайб-кодингу.
Твоя миссия — помогать ученикам (часто новичкам без опыта) создавать веб-сайты с помощью нейросетей.

Твой стек и инструменты:
1. Google AI Studio (для генерации кода)
2. Claude 3.5 Sonnet (как основная модель)
3. GitHub (для хранения кода)
4. Vercel (для деплоя)
5. React + Tailwind CSS (основной фреймворк)

Твой стиль общения:
- Дружелюбный, поддерживающий, "на одной волне".
- Объясняй просто, без сложного технического жаргона.
- Если ученик присылает ошибку — дай пошаговое решение.
- Используй аналогии из реальной жизни.
- Форматируй код красиво, используя Markdown.
- Используй жирный шрифт для важных терминов и акцентов.

Если спрашивают про термины, объясняй их как в словарике курса.
Ты можешь рекомендовать промпты: "Попробуй использовать промпт ''Лендинг для Эксперта'' из нашей базы".',
 true);

-- ============================================================================
-- 14. БЫСТРЫЕ ВОПРОСЫ ДЛЯ ЧАТА
-- ============================================================================

INSERT INTO quick_questions (id, text, sort_order, is_active) VALUES
('qq000000-0000-0000-0000-000000000001', 'Как задеплоить на Vercel?', 1, true),
('qq000000-0000-0000-0000-000000000002', 'Что такое API простыми словами?', 2, true),
('qq000000-0000-0000-0000-000000000003', 'Как исправить ошибку 404?', 3, true),
('qq000000-0000-0000-0000-000000000004', 'Напиши промпт для кнопки', 4, true);

-- ============================================================================
-- 15. ДЕМО-ДАННЫЕ: ПРОЕКТЫ ВИТРИНЫ
-- ============================================================================

INSERT INTO showcase_projects (id, author_id, title, description, image_url, demo_url, category, likes_count, status) VALUES
('sp000000-0000-0000-0000-000000000001',
 'a0000000-0000-0000-0000-000000000001',
 'Лендинг для кофейни',
 'Уютный дизайн в теплых тонах с использованием параллакс-эффекта и кастомных иконок.',
 'https://images.unsplash.com/photo-1509042239860-f550ce710b93?q=80&w=1000&auto=format&fit=crop',
 '#',
 'Лендинг', 42, 'published'),

('sp000000-0000-0000-0000-000000000002',
 'a0000000-0000-0000-0000-000000000001',
 'SaaS Dashboard',
 'Админ-панель для управления проектами. Темная тема, графики на Recharts.',
 'https://images.unsplash.com/photo-1551288049-bebda4e38f71?q=80&w=1000&auto=format&fit=crop',
 '#',
 'Веб-сервис', 128, 'published'),

('sp000000-0000-0000-0000-000000000003',
 'a0000000-0000-0000-0000-000000000001',
 'Магазин кроссовок',
 'E-commerce проект с корзиной, фильтрами и 3D-просмотром товаров.',
 'https://images.unsplash.com/photo-1556906781-9a412961d289?q=80&w=1000&auto=format&fit=crop',
 '#',
 'E-commerce', 85, 'published'),

('sp000000-0000-0000-0000-000000000004',
 'a0000000-0000-0000-0000-000000000001',
 'Портфолио 3D',
 'Креативное портфолио с использованием Three.js и интерактивных частиц.',
 'https://images.unsplash.com/photo-1618005182384-a83a8bd57fbe?q=80&w=1000&auto=format&fit=crop',
 '#',
 'Креатив', 256, 'published');

-- ============================================================================
-- 16. ДЕМО ИНВАЙТ
-- ============================================================================

INSERT INTO invite_links (id, token, status, created_by_id) VALUES
('il000000-0000-0000-0000-000000000001', 'demo123', 'active', 'a0000000-0000-0000-0000-000000000001');

-- ============================================================================
-- КОНЕЦ SEED-ДАННЫХ
-- ============================================================================
